0x81ece0e53af51cfb819c57dc24845e46b90b27fb,[ERC-721]
0x5cc5b05a8a13e3fbdb0bb9fccd98d38e50f90c38,[ERC-721]
0xd945f759d422ae30a6166838317b937de08380e3,[ERC-721]
0x18e9d50c1a819f359503b26bc988580968a15b80,[ERC-721]
0xea4d123d17b7ab200533388521ae005bfefd8e26,[ERC-721]
0x2af75676692817d85121353f0d6e8e9ae6ad5576,[ERC-1155]
0xa342f5d851e866e18ff98f351f2c6637f4478db5,[ERC-1155]
0xa7a05e655cbed5356d2fa851e96f7f68e4a6f954,[ERC-1155]
0x1d5fb77d36af3089bb722692d1cdb168e57b89ce,[ERC-1155]
0xcc8fa225d80b9c7d42f96e9570156c65d6caaa25,[ERC-20]
0xcf39b7793512f03f2893c16459fd72e65d2ed00c,[ERC-20]
0x06fcbf38e823efc1e609b9491aab546334c6ee69,[ERC-20]
0xd88e87cd53d5b3c88c07bdb4715a39b75d6e7870,[ERC-20]
0x20a21170d3bf388cbe2ac34643b5180a26e68331,[ERC-20]
0x011c77fa577c500deedad364b8af9e8540b808c0,[ERC-20]
0x57f1887a8bf19b14fc0df6fd9b2acc9af147ea85,[ERC-721]
0x929832b1f1515cf02c9548a0ff454f1b0e216b18,[ERC-721]
0x87e738a3d5e5345d6212d8982205a564289e6324,[ERC-721]
0xc71a726d390bf02b4af8920c0820970310d0f367,[ERC-721]
0x34d85c9cdeb23fa97cb08333b511ac86e1c4e258,[ERC-721]